{
  "IsCloudStoreUrl": true,
  "StoreUrl": "https://cloud.uipath.com/selfequvicdb/SelfEmployedDefault/dataservice_/entities",
  "TenantName": "SelfEmployedDefault",
  "Entities": [
    {
      "Id": "7ed3f3a6-1f2a-eb11-9fb4-000d3a22a01c",
      "Name": "GeneratedInvoiceFiles",
      "DisplayName": "Generated Invoice Files",
      "Description": "It stores the invoices that were generated through UiPath Apps",
      "CreateTime": "2020-11-19T04:28:20.83Z",
      "UpdateTime": "2020-11-19T05:41:50.407Z",
      "Fields": [
        {
          "Id": "331d45eb-292a-eb11-9fb4-000d3a22a01c",
          "Name": "ClientName",
          "DisplayName": "Client Name",
          "Description": "",
          "CreateTime": "2020-11-19T05:41:50.407Z",
          "UpdateTime": "2020-11-19T05:41:50.407Z",
          "SqlType": {
            "Name": "NVARCHAR",
            "LengthLimit": 200,
            "MaxValue": null,
            "MinValue": null,
            "DecimalPrecision": null
          },
          "IsSystemField": false,
          "IsRequired": false,
          "ReferenceEntity": null,
          "ReferenceType": "ManyToOne",
          "FieldDisplayType": "Basic",
          "ReferenceChoiceSet": null,
          "IsAttachment": false
        },
        {
          "Id": "81d3f3a6-1f2a-eb11-9fb4-000d3a22a01c",
          "Name": "CreatedBy",
          "DisplayName": "CreatedBy",
          "Description": "System built-in field",
          "CreateTime": "2020-11-19T04:28:20.843Z",
          "UpdateTime": "2020-11-19T04:28:20.843Z",
          "SqlType": {
            "Name": "UNIQUEIDENTIFIER",
            "LengthLimit": null,
            "MaxValue": null,
            "MinValue": null,
            "DecimalPrecision": null
          },
          "IsSystemField": true,
          "IsRequired": true,
          "ReferenceEntity": null,
          "ReferenceType": "ManyToOne",
          "FieldDisplayType": "Basic",
          "ReferenceChoiceSet": null,
          "IsAttachment": false
        },
        {
          "Id": "80d3f3a6-1f2a-eb11-9fb4-000d3a22a01c",
          "Name": "CreateTime",
          "DisplayName": "CreateTime",
          "Description": "System built-in field",
          "CreateTime": "2020-11-19T04:28:20.843Z",
          "UpdateTime": "2020-11-19T04:28:20.843Z",
          "SqlType": {
            "Name": "DATETIMEOFFSET",
            "LengthLimit": null,
            "MaxValue": null,
            "MinValue": null,
            "DecimalPrecision": null
          },
          "IsSystemField": true,
          "IsRequired": true,
          "ReferenceEntity": null,
          "ReferenceType": "ManyToOne",
          "FieldDisplayType": "Basic",
          "ReferenceChoiceSet": null,
          "IsAttachment": false
        },
        {
          "Id": "7fd3f3a6-1f2a-eb11-9fb4-000d3a22a01c",
          "Name": "Id",
          "DisplayName": "Id",
          "Description": "System built-in field",
          "CreateTime": "2020-11-19T04:28:20.843Z",
          "UpdateTime": "2020-11-19T04:28:20.843Z",
          "SqlType": {
            "Name": "UNIQUEIDENTIFIER",
            "LengthLimit": null,
            "MaxValue": null,
            "MinValue": null,
            "DecimalPrecision": null
          },
          "IsSystemField": true,
          "IsRequired": true,
          "ReferenceEntity": null,
          "ReferenceType": "ManyToOne",
          "FieldDisplayType": "Basic",
          "ReferenceChoiceSet": null,
          "IsAttachment": false
        },
        {
          "Id": "d98f7dc5-1f2a-eb11-9fb4-000d3a22a01c",
          "Name": "InvoiceFile",
          "DisplayName": "Invoice File",
          "Description": "",
          "CreateTime": "2020-11-19T04:29:12.103Z",
          "UpdateTime": "2020-11-19T04:29:12.103Z",
          "SqlType": {
            "Name": "UNIQUEIDENTIFIER",
            "LengthLimit": null,
            "MaxValue": null,
            "MinValue": null,
            "DecimalPrecision": null
          },
          "IsSystemField": false,
          "IsRequired": false,
          "ReferenceEntity": {
            "Name": "EntityAttachment"
          },
          "ReferenceType": "ManyToOne",
          "FieldDisplayType": "File",
          "ReferenceChoiceSet": null,
          "IsAttachment": true
        },
        {
          "Id": "4b5f67e2-292a-eb11-9fb4-000d3a22a01c",
          "Name": "InvoiceNumber",
          "DisplayName": "Invoice Number",
          "Description": "",
          "CreateTime": "2020-11-19T05:41:35.537Z",
          "UpdateTime": "2020-11-19T05:41:35.537Z",
          "SqlType": {
            "Name": "DECIMAL",
            "LengthLimit": 1000,
            "MaxValue": 1000000000000.0,
            "MinValue": -1000000000000.0,
            "DecimalPrecision": 2
          },
          "IsSystemField": false,
          "IsRequired": false,
          "ReferenceEntity": null,
          "ReferenceType": "ManyToOne",
          "FieldDisplayType": "Basic",
          "ReferenceChoiceSet": null,
          "IsAttachment": false
        },
        {
          "Id": "83d3f3a6-1f2a-eb11-9fb4-000d3a22a01c",
          "Name": "UpdatedBy",
          "DisplayName": "UpdatedBy",
          "Description": "System built-in field",
          "CreateTime": "2020-11-19T04:28:20.843Z",
          "UpdateTime": "2020-11-19T04:28:20.843Z",
          "SqlType": {
            "Name": "UNIQUEIDENTIFIER",
            "LengthLimit": null,
            "MaxValue": null,
            "MinValue": null,
            "DecimalPrecision": null
          },
          "IsSystemField": true,
          "IsRequired": false,
          "ReferenceEntity": null,
          "ReferenceType": "ManyToOne",
          "FieldDisplayType": "Basic",
          "ReferenceChoiceSet": null,
          "IsAttachment": false
        },
        {
          "Id": "82d3f3a6-1f2a-eb11-9fb4-000d3a22a01c",
          "Name": "UpdateTime",
          "DisplayName": "UpdateTime",
          "Description": "System built-in field",
          "CreateTime": "2020-11-19T04:28:20.843Z",
          "UpdateTime": "2020-11-19T04:28:20.843Z",
          "SqlType": {
            "Name": "DATETIMEOFFSET",
            "LengthLimit": null,
            "MaxValue": null,
            "MinValue": null,
            "DecimalPrecision": null
          },
          "IsSystemField": true,
          "IsRequired": false,
          "ReferenceEntity": null,
          "ReferenceType": "ManyToOne",
          "FieldDisplayType": "Basic",
          "ReferenceChoiceSet": null,
          "IsAttachment": false
        }
      ],
      "RecordCount": 2,
      "EntityType": "Entity"
    },
    {
      "Id": "c8e69a8f-f915-ec11-981f-000d3a22a7fd",
      "Name": "PersonDetails",
      "DisplayName": "Person_Details",
      "Description": "",
      "CreateTime": "2021-09-15T07:50:15.2Z",
      "UpdateTime": "2021-09-15T14:40:39.59Z",
      "Fields": [
        {
          "Id": "730a9cd8-3216-ec11-981f-000d3a22a7fd",
          "Name": "Age",
          "DisplayName": "Age",
          "Description": "",
          "CreateTime": "2021-09-15T14:40:18.997Z",
          "UpdateTime": "2021-09-15T14:40:18.997Z",
          "SqlType": {
            "Name": "DECIMAL",
            "LengthLimit": 1000,
            "MaxValue": 1000000000000.0,
            "MinValue": -1000000000000.0,
            "DecimalPrecision": 0
          },
          "IsSystemField": false,
          "IsRequired": false,
          "ReferenceEntity": null,
          "ReferenceType": "ManyToOne",
          "FieldDisplayType": "Basic",
          "ReferenceChoiceSet": null,
          "IsAttachment": false
        },
        {
          "Id": "2c8aa676-b40e-45bb-ac16-2855f88f9275",
          "Name": "CreatedBy",
          "DisplayName": "CreatedBy",
          "Description": "System built-in field",
          "CreateTime": "2021-09-15T07:50:15.213Z",
          "UpdateTime": "2021-09-15T07:50:15.213Z",
          "SqlType": {
            "Name": "UNIQUEIDENTIFIER",
            "LengthLimit": null,
            "MaxValue": null,
            "MinValue": null,
            "DecimalPrecision": null
          },
          "IsSystemField": true,
          "IsRequired": true,
          "ReferenceEntity": {
            "Name": "SystemUser"
          },
          "ReferenceType": "ManyToOne",
          "FieldDisplayType": "Relationship",
          "ReferenceChoiceSet": null,
          "IsAttachment": false
        },
        {
          "Id": "c8512b46-65b3-4247-ab34-3e4448b5858e",
          "Name": "CreateTime",
          "DisplayName": "CreateTime",
          "Description": "System built-in field",
          "CreateTime": "2021-09-15T07:50:15.213Z",
          "UpdateTime": "2021-09-15T07:50:15.213Z",
          "SqlType": {
            "Name": "DATETIMEOFFSET",
            "LengthLimit": null,
            "MaxValue": null,
            "MinValue": null,
            "DecimalPrecision": null
          },
          "IsSystemField": true,
          "IsRequired": true,
          "ReferenceEntity": null,
          "ReferenceType": "ManyToOne",
          "FieldDisplayType": "Basic",
          "ReferenceChoiceSet": null,
          "IsAttachment": false
        },
        {
          "Id": "9b6be2e4-3216-ec11-981f-000d3a22a7fd",
          "Name": "Gender",
          "DisplayName": "Gender",
          "Description": "",
          "CreateTime": "2021-09-15T14:40:39.59Z",
          "UpdateTime": "2021-09-15T14:40:39.59Z",
          "SqlType": {
            "Name": "NVARCHAR",
            "LengthLimit": 10,
            "MaxValue": null,
            "MinValue": null,
            "DecimalPrecision": null
          },
          "IsSystemField": false,
          "IsRequired": false,
          "ReferenceEntity": null,
          "ReferenceType": "ManyToOne",
          "FieldDisplayType": "Basic",
          "ReferenceChoiceSet": null,
          "IsAttachment": false
        },
        {
          "Id": "7d4dbefd-3803-4afd-a889-b4eafaef85a6",
          "Name": "Id",
          "DisplayName": "Id",
          "Description": "System built-in field",
          "CreateTime": "2021-09-15T07:50:15.213Z",
          "UpdateTime": "2021-09-15T07:50:15.213Z",
          "SqlType": {
            "Name": "UNIQUEIDENTIFIER",
            "LengthLimit": null,
            "MaxValue": null,
            "MinValue": null,
            "DecimalPrecision": null
          },
          "IsSystemField": true,
          "IsRequired": true,
          "ReferenceEntity": null,
          "ReferenceType": "ManyToOne",
          "FieldDisplayType": "Basic",
          "ReferenceChoiceSet": null,
          "IsAttachment": false
        },
        {
          "Id": "387808cd-3216-ec11-981f-000d3a22a7fd",
          "Name": "Name",
          "DisplayName": "Name",
          "Description": "",
          "CreateTime": "2021-09-15T14:39:59.563Z",
          "UpdateTime": "2021-09-15T14:39:59.563Z",
          "SqlType": {
            "Name": "NVARCHAR",
            "LengthLimit": 200,
            "MaxValue": null,
            "MinValue": null,
            "DecimalPrecision": null
          },
          "IsSystemField": false,
          "IsRequired": false,
          "ReferenceEntity": null,
          "ReferenceType": "ManyToOne",
          "FieldDisplayType": "Basic",
          "ReferenceChoiceSet": null,
          "IsAttachment": false
        },
        {
          "Id": "56d6fa1c-edb6-42a7-92f7-b8cc152c910c",
          "Name": "UpdatedBy",
          "DisplayName": "UpdatedBy",
          "Description": "System built-in field",
          "CreateTime": "2021-09-15T07:50:15.213Z",
          "UpdateTime": "2021-09-15T07:50:15.213Z",
          "SqlType": {
            "Name": "UNIQUEIDENTIFIER",
            "LengthLimit": null,
            "MaxValue": null,
            "MinValue": null,
            "DecimalPrecision": null
          },
          "IsSystemField": true,
          "IsRequired": false,
          "ReferenceEntity": {
            "Name": "SystemUser"
          },
          "ReferenceType": "ManyToOne",
          "FieldDisplayType": "Relationship",
          "ReferenceChoiceSet": null,
          "IsAttachment": false
        },
        {
          "Id": "3cda98e2-3b7a-4410-b64c-b809eccd4bfb",
          "Name": "UpdateTime",
          "DisplayName": "UpdateTime",
          "Description": "System built-in field",
          "CreateTime": "2021-09-15T07:50:15.213Z",
          "UpdateTime": "2021-09-15T07:50:15.213Z",
          "SqlType": {
            "Name": "DATETIMEOFFSET",
            "LengthLimit": null,
            "MaxValue": null,
            "MinValue": null,
            "DecimalPrecision": null
          },
          "IsSystemField": true,
          "IsRequired": false,
          "ReferenceEntity": null,
          "ReferenceType": "ManyToOne",
          "FieldDisplayType": "Basic",
          "ReferenceChoiceSet": null,
          "IsAttachment": false
        }
      ],
      "RecordCount": 0,
      "EntityType": "Entity"
    },
    {
      "Id": "790409bc-8cc8-eb11-94b3-000d3a22a7fd",
      "Name": "SystemUser",
      "DisplayName": "System Users",
      "Description": "Contains Automation Cloud users and groups that have ever had roles assigned, or accessed Data Service",
      "CreateTime": "2021-06-08T19:07:22.293Z",
      "UpdateTime": "2021-06-08T19:07:22.293Z",
      "Fields": [
        {
          "Id": "768a07e2-0698-465e-9f13-5099baff76a9",
          "Name": "CreateTime",
          "DisplayName": "CreateTime",
          "Description": "System built-in field",
          "CreateTime": "2021-06-08T19:07:22.31Z",
          "UpdateTime": "2021-06-08T19:07:22.31Z",
          "SqlType": {
            "Name": "DATETIMEOFFSET",
            "LengthLimit": null,
            "MaxValue": null,
            "MinValue": null,
            "DecimalPrecision": null
          },
          "IsSystemField": true,
          "IsRequired": true,
          "ReferenceEntity": null,
          "ReferenceType": "ManyToOne",
          "FieldDisplayType": "Basic",
          "ReferenceChoiceSet": null,
          "IsAttachment": false
        },
        {
          "Id": "a465cb41-538c-4ee4-9b5f-dabb1db569fe",
          "Name": "Email",
          "DisplayName": "E-mail",
          "Description": "E-mail",
          "CreateTime": "2021-06-08T19:07:22.31Z",
          "UpdateTime": "2021-06-08T19:07:22.31Z",
          "SqlType": {
            "Name": "NVARCHAR",
            "LengthLimit": 512,
            "MaxValue": null,
            "MinValue": null,
            "DecimalPrecision": null
          },
          "IsSystemField": true,
          "IsRequired": false,
          "ReferenceEntity": null,
          "ReferenceType": "ManyToOne",
          "FieldDisplayType": "Basic",
          "ReferenceChoiceSet": null,
          "IsAttachment": false
        },
        {
          "Id": "8b137694-73b3-4a3d-8132-f1eb807d786c",
          "Name": "Id",
          "DisplayName": "Id",
          "Description": "System built-in field",
          "CreateTime": "2021-06-08T19:07:22.31Z",
          "UpdateTime": "2021-06-08T19:07:22.31Z",
          "SqlType": {
            "Name": "UNIQUEIDENTIFIER",
            "LengthLimit": null,
            "MaxValue": null,
            "MinValue": null,
            "DecimalPrecision": null
          },
          "IsSystemField": true,
          "IsRequired": true,
          "ReferenceEntity": null,
          "ReferenceType": "ManyToOne",
          "FieldDisplayType": "Basic",
          "ReferenceChoiceSet": null,
          "IsAttachment": false
        },
        {
          "Id": "902d5db5-57cf-4d32-a133-bac91d573843",
          "Name": "IsActive",
          "DisplayName": "IsActive",
          "Description": "IsActive",
          "CreateTime": "2021-06-08T19:07:22.31Z",
          "UpdateTime": "2021-06-08T19:07:22.31Z",
          "SqlType": {
            "Name": "BIT",
            "LengthLimit": null,
            "MaxValue": null,
            "MinValue": null,
            "DecimalPrecision": null
          },
          "IsSystemField": true,
          "IsRequired": true,
          "ReferenceEntity": null,
          "ReferenceType": "ManyToOne",
          "FieldDisplayType": "Basic",
          "ReferenceChoiceSet": null,
          "IsAttachment": false
        },
        {
          "Id": "d46a6844-2557-4510-aee3-56d7d3553d46",
          "Name": "Name",
          "DisplayName": "Name",
          "Description": "Name",
          "CreateTime": "2021-06-08T19:07:22.31Z",
          "UpdateTime": "2021-06-08T19:07:22.31Z",
          "SqlType": {
            "Name": "NVARCHAR",
            "LengthLimit": 512,
            "MaxValue": null,
            "MinValue": null,
            "DecimalPrecision": null
          },
          "IsSystemField": true,
          "IsRequired": true,
          "ReferenceEntity": null,
          "ReferenceType": "ManyToOne",
          "FieldDisplayType": "Basic",
          "ReferenceChoiceSet": null,
          "IsAttachment": false
        },
        {
          "Id": "579873a8-abda-4792-8380-5282b4859273",
          "Name": "Type",
          "DisplayName": "Type",
          "Description": "Type",
          "CreateTime": "2021-06-08T19:07:22.31Z",
          "UpdateTime": "2021-06-08T19:07:22.31Z",
          "SqlType": {
            "Name": "INT",
            "LengthLimit": null,
            "MaxValue": 9007199254740991.0,
            "MinValue": -9007199254740991.0,
            "DecimalPrecision": null
          },
          "IsSystemField": true,
          "IsRequired": true,
          "ReferenceEntity": null,
          "ReferenceType": "ManyToOne",
          "FieldDisplayType": "ChoiceSetSingle",
          "ReferenceChoiceSet": {
            "Name": "UserType"
          },
          "IsAttachment": false
        },
        {
          "Id": "dff459b1-16d7-4fdd-aa66-910db955d491",
          "Name": "UpdateTime",
          "DisplayName": "UpdateTime",
          "Description": "System built-in field",
          "CreateTime": "2021-06-08T19:07:22.31Z",
          "UpdateTime": "2021-06-08T19:07:22.31Z",
          "SqlType": {
            "Name": "DATETIMEOFFSET",
            "LengthLimit": null,
            "MaxValue": null,
            "MinValue": null,
            "DecimalPrecision": null
          },
          "IsSystemField": true,
          "IsRequired": false,
          "ReferenceEntity": null,
          "ReferenceType": "ManyToOne",
          "FieldDisplayType": "Basic",
          "ReferenceChoiceSet": null,
          "IsAttachment": false
        }
      ],
      "RecordCount": 7,
      "EntityType": "SystemEntity"
    }
  ],
  "Namespace": "DataService",
  "EntitiesJson": "{\"entities\":[{\"name\":\"GeneratedInvoiceFiles\",\"displayName\":\"Generated Invoice Files\",\"entityTypeId\":0,\"entityType\":\"Entity\",\"description\":\"It stores the invoices that were generated through UiPath Apps\",\"fields\":[{\"id\":\"331d45eb-292a-eb11-9fb4-000d3a22a01c\",\"name\":\"ClientName\",\"isPrimaryKey\":false,\"isForeignKey\":false,\"isUnique\":false,\"referenceType\":\"ManyToOne\",\"sqlType\":{\"name\":\"NVARCHAR\",\"lengthLimit\":200},\"isRequired\":false,\"displayName\":\"Client Name\",\"description\":\"\",\"createTime\":\"2020-11-19T05:41:50.407Z\",\"createdBy\":\"6a9ed7be-d0a1-40be-b296-af0abebc16ef\",\"updateTime\":\"2020-11-19T05:41:50.407Z\",\"updatedBy\":\"6a9ed7be-d0a1-40be-b296-af0abebc16ef\",\"isSystemField\":false,\"fieldDisplayType\":\"Basic\",\"isAttachment\":false,\"isRbacEnabled\":false},{\"id\":\"81d3f3a6-1f2a-eb11-9fb4-000d3a22a01c\",\"name\":\"CreatedBy\",\"isPrimaryKey\":false,\"isForeignKey\":false,\"isUnique\":false,\"referenceType\":\"ManyToOne\",\"sqlType\":{\"name\":\"UNIQUEIDENTIFIER\"},\"isRequired\":true,\"displayName\":\"CreatedBy\",\"description\":\"System built-in field\",\"createTime\":\"2020-11-19T04:28:20.843Z\",\"createdBy\":\"6a9ed7be-d0a1-40be-b296-af0abebc16ef\",\"updateTime\":\"2020-11-19T04:28:20.843Z\",\"isSystemField\":true,\"fieldDisplayType\":\"Basic\",\"isAttachment\":false,\"isRbacEnabled\":false},{\"id\":\"80d3f3a6-1f2a-eb11-9fb4-000d3a22a01c\",\"name\":\"CreateTime\",\"isPrimaryKey\":false,\"isForeignKey\":false,\"isUnique\":false,\"referenceType\":\"ManyToOne\",\"sqlType\":{\"name\":\"DATETIMEOFFSET\"},\"isRequired\":true,\"displayName\":\"CreateTime\",\"description\":\"System built-in field\",\"createTime\":\"2020-11-19T04:28:20.843Z\",\"createdBy\":\"6a9ed7be-d0a1-40be-b296-af0abebc16ef\",\"updateTime\":\"2020-11-19T04:28:20.843Z\",\"isSystemField\":true,\"fieldDisplayType\":\"Basic\",\"isAttachment\":false,\"isRbacEnabled\":false},{\"id\":\"7fd3f3a6-1f2a-eb11-9fb4-000d3a22a01c\",\"name\":\"Id\",\"isPrimaryKey\":true,\"isForeignKey\":false,\"isUnique\":false,\"referenceType\":\"ManyToOne\",\"sqlType\":{\"name\":\"UNIQUEIDENTIFIER\"},\"isRequired\":true,\"displayName\":\"Id\",\"description\":\"System built-in field\",\"createTime\":\"2020-11-19T04:28:20.843Z\",\"createdBy\":\"6a9ed7be-d0a1-40be-b296-af0abebc16ef\",\"updateTime\":\"2020-11-19T04:28:20.843Z\",\"isSystemField\":true,\"fieldDisplayType\":\"Basic\",\"isAttachment\":false,\"isRbacEnabled\":false},{\"id\":\"d98f7dc5-1f2a-eb11-9fb4-000d3a22a01c\",\"name\":\"InvoiceFile\",\"isPrimaryKey\":false,\"isForeignKey\":true,\"isUnique\":false,\"referenceName\":\"fk_InvoiceFile_5d921494-44c6-46a3-8216-36db6c896872\",\"referenceEntity\":{\"name\":\"EntityAttachment\",\"displayName\":\"EntityAttachment\",\"entityTypeId\":0,\"entityType\":\"Entity\",\"isRbacEnabled\":false,\"id\":\"cc8f7dc5-1f2a-eb11-9fb4-000d3a22a01c\"},\"referenceField\":{\"id\":\"d28f7dc5-1f2a-eb11-9fb4-000d3a22a01c\",\"definition\":{\"name\":\"Name\",\"isPrimaryKey\":false,\"isForeignKey\":false,\"isUnique\":false,\"referenceType\":\"ManyToOne\",\"sqlType\":{\"name\":\"NVARCHAR\",\"lengthLimit\":4000},\"isRequired\":false,\"displayName\":\"Name\",\"createTime\":\"2021-09-15T14:42:36.5496733Z\",\"updateTime\":\"2021-09-15T14:42:36.5496733Z\",\"isSystemField\":false,\"fieldDisplayType\":\"Basic\",\"isAttachment\":false,\"isRbacEnabled\":false}},\"referenceType\":\"ManyToOne\",\"sqlType\":{\"name\":\"UNIQUEIDENTIFIER\"},\"isRequired\":false,\"displayName\":\"Invoice File\",\"description\":\"\",\"createTime\":\"2020-11-19T04:29:12.103Z\",\"createdBy\":\"6a9ed7be-d0a1-40be-b296-af0abebc16ef\",\"updateTime\":\"2020-11-19T04:29:12.103Z\",\"updatedBy\":\"6a9ed7be-d0a1-40be-b296-af0abebc16ef\",\"isSystemField\":false,\"fieldDisplayType\":\"File\",\"isAttachment\":true,\"isRbacEnabled\":false},{\"id\":\"4b5f67e2-292a-eb11-9fb4-000d3a22a01c\",\"name\":\"InvoiceNumber\",\"isPrimaryKey\":false,\"isForeignKey\":false,\"isUnique\":false,\"referenceType\":\"ManyToOne\",\"sqlType\":{\"name\":\"DECIMAL\",\"lengthLimit\":1000,\"maxValue\":1000000000000.0,\"minValue\":-1000000000000.0,\"decimalPrecision\":2},\"isRequired\":false,\"displayName\":\"Invoice Number\",\"description\":\"\",\"createTime\":\"2020-11-19T05:41:35.537Z\",\"createdBy\":\"6a9ed7be-d0a1-40be-b296-af0abebc16ef\",\"updateTime\":\"2020-11-19T05:41:35.537Z\",\"updatedBy\":\"6a9ed7be-d0a1-40be-b296-af0abebc16ef\",\"isSystemField\":false,\"fieldDisplayType\":\"Basic\",\"isAttachment\":false,\"isRbacEnabled\":false},{\"id\":\"83d3f3a6-1f2a-eb11-9fb4-000d3a22a01c\",\"name\":\"UpdatedBy\",\"isPrimaryKey\":false,\"isForeignKey\":false,\"isUnique\":false,\"referenceType\":\"ManyToOne\",\"sqlType\":{\"name\":\"UNIQUEIDENTIFIER\"},\"isRequired\":false,\"displayName\":\"UpdatedBy\",\"description\":\"System built-in field\",\"createTime\":\"2020-11-19T04:28:20.843Z\",\"createdBy\":\"6a9ed7be-d0a1-40be-b296-af0abebc16ef\",\"updateTime\":\"2020-11-19T04:28:20.843Z\",\"isSystemField\":true,\"fieldDisplayType\":\"Basic\",\"isAttachment\":false,\"isRbacEnabled\":false},{\"id\":\"82d3f3a6-1f2a-eb11-9fb4-000d3a22a01c\",\"name\":\"UpdateTime\",\"isPrimaryKey\":false,\"isForeignKey\":false,\"isUnique\":false,\"referenceType\":\"ManyToOne\",\"sqlType\":{\"name\":\"DATETIMEOFFSET\"},\"isRequired\":false,\"displayName\":\"UpdateTime\",\"description\":\"System built-in field\",\"createTime\":\"2020-11-19T04:28:20.843Z\",\"createdBy\":\"6a9ed7be-d0a1-40be-b296-af0abebc16ef\",\"updateTime\":\"2020-11-19T04:28:20.843Z\",\"isSystemField\":true,\"fieldDisplayType\":\"Basic\",\"isAttachment\":false,\"isRbacEnabled\":false}],\"recordCount\":2,\"storageSizeInMB\":0.070312,\"usedStorageSizeInMB\":0.015625,\"isRbacEnabled\":false,\"id\":\"7ed3f3a6-1f2a-eb11-9fb4-000d3a22a01c\",\"createdBy\":\"6a9ed7be-d0a1-40be-b296-af0abebc16ef\",\"createTime\":\"2020-11-19T04:28:20.83Z\",\"updateTime\":\"2020-11-19T05:41:50.407Z\",\"updatedBy\":\"6a9ed7be-d0a1-40be-b296-af0abebc16ef\"},{\"name\":\"PersonDetails\",\"displayName\":\"Person_Details\",\"entityTypeId\":0,\"entityType\":\"Entity\",\"description\":\"\",\"fields\":[{\"id\":\"730a9cd8-3216-ec11-981f-000d3a22a7fd\",\"name\":\"Age\",\"isPrimaryKey\":false,\"isForeignKey\":false,\"isUnique\":false,\"referenceType\":\"ManyToOne\",\"sqlType\":{\"name\":\"DECIMAL\",\"lengthLimit\":1000,\"maxValue\":1000000000000.0,\"minValue\":-1000000000000.0,\"decimalPrecision\":0},\"isRequired\":false,\"displayName\":\"Age\",\"description\":\"\",\"createTime\":\"2021-09-15T14:40:18.997Z\",\"createdBy\":\"6a9ed7be-d0a1-40be-b296-af0abebc16ef\",\"updateTime\":\"2021-09-15T14:40:18.997Z\",\"updatedBy\":\"6a9ed7be-d0a1-40be-b296-af0abebc16ef\",\"isSystemField\":false,\"fieldDisplayType\":\"Basic\",\"isAttachment\":false,\"isRbacEnabled\":false},{\"id\":\"2c8aa676-b40e-45bb-ac16-2855f88f9275\",\"name\":\"CreatedBy\",\"isPrimaryKey\":false,\"isForeignKey\":true,\"isUnique\":false,\"referenceName\":\"fk_CreatedBy_742b3451-6d83-4236-b92c-910a56e806d3\",\"referenceEntity\":{\"name\":\"SystemUser\",\"displayName\":\"System Users\",\"entityTypeId\":0,\"entityType\":\"Entity\",\"isRbacEnabled\":false,\"id\":\"790409bc-8cc8-eb11-94b3-000d3a22a7fd\"},\"referenceField\":{\"id\":\"d46a6844-2557-4510-aee3-56d7d3553d46\",\"definition\":{\"name\":\"Name\",\"isPrimaryKey\":false,\"isForeignKey\":false,\"isUnique\":false,\"referenceType\":\"ManyToOne\",\"sqlType\":{\"name\":\"NVARCHAR\",\"lengthLimit\":512},\"isRequired\":false,\"displayName\":\"Name\",\"createTime\":\"2021-09-15T14:42:36.5496778Z\",\"updateTime\":\"2021-09-15T14:42:36.5496779Z\",\"isSystemField\":false,\"fieldDisplayType\":\"Basic\",\"isAttachment\":false,\"isRbacEnabled\":false}},\"referenceType\":\"ManyToOne\",\"sqlType\":{\"name\":\"UNIQUEIDENTIFIER\"},\"isRequired\":true,\"displayName\":\"CreatedBy\",\"description\":\"System built-in field\",\"createTime\":\"2021-09-15T07:50:15.213Z\",\"createdBy\":\"6a9ed7be-d0a1-40be-b296-af0abebc16ef\",\"updateTime\":\"2021-09-15T07:50:15.213Z\",\"isSystemField\":true,\"fieldDisplayType\":\"Relationship\",\"isAttachment\":false,\"isRbacEnabled\":false},{\"id\":\"c8512b46-65b3-4247-ab34-3e4448b5858e\",\"name\":\"CreateTime\",\"isPrimaryKey\":false,\"isForeignKey\":false,\"isUnique\":false,\"referenceType\":\"ManyToOne\",\"sqlType\":{\"name\":\"DATETIMEOFFSET\"},\"isRequired\":true,\"displayName\":\"CreateTime\",\"description\":\"System built-in field\",\"createTime\":\"2021-09-15T07:50:15.213Z\",\"createdBy\":\"6a9ed7be-d0a1-40be-b296-af0abebc16ef\",\"updateTime\":\"2021-09-15T07:50:15.213Z\",\"isSystemField\":true,\"fieldDisplayType\":\"Basic\",\"isAttachment\":false,\"isRbacEnabled\":false},{\"id\":\"9b6be2e4-3216-ec11-981f-000d3a22a7fd\",\"name\":\"Gender\",\"isPrimaryKey\":false,\"isForeignKey\":false,\"isUnique\":false,\"referenceType\":\"ManyToOne\",\"sqlType\":{\"name\":\"NVARCHAR\",\"lengthLimit\":10},\"isRequired\":false,\"displayName\":\"Gender\",\"description\":\"\",\"createTime\":\"2021-09-15T14:40:39.59Z\",\"createdBy\":\"6a9ed7be-d0a1-40be-b296-af0abebc16ef\",\"updateTime\":\"2021-09-15T14:40:39.59Z\",\"updatedBy\":\"6a9ed7be-d0a1-40be-b296-af0abebc16ef\",\"isSystemField\":false,\"fieldDisplayType\":\"Basic\",\"isAttachment\":false,\"isRbacEnabled\":false},{\"id\":\"7d4dbefd-3803-4afd-a889-b4eafaef85a6\",\"name\":\"Id\",\"isPrimaryKey\":true,\"isForeignKey\":false,\"isUnique\":false,\"referenceType\":\"ManyToOne\",\"sqlType\":{\"name\":\"UNIQUEIDENTIFIER\"},\"isRequired\":true,\"displayName\":\"Id\",\"description\":\"System built-in field\",\"createTime\":\"2021-09-15T07:50:15.213Z\",\"createdBy\":\"6a9ed7be-d0a1-40be-b296-af0abebc16ef\",\"updateTime\":\"2021-09-15T07:50:15.213Z\",\"isSystemField\":true,\"fieldDisplayType\":\"Basic\",\"isAttachment\":false,\"isRbacEnabled\":false},{\"id\":\"387808cd-3216-ec11-981f-000d3a22a7fd\",\"name\":\"Name\",\"isPrimaryKey\":false,\"isForeignKey\":false,\"isUnique\":false,\"referenceType\":\"ManyToOne\",\"sqlType\":{\"name\":\"NVARCHAR\",\"lengthLimit\":200},\"isRequired\":false,\"displayName\":\"Name\",\"description\":\"\",\"createTime\":\"2021-09-15T14:39:59.563Z\",\"createdBy\":\"6a9ed7be-d0a1-40be-b296-af0abebc16ef\",\"updateTime\":\"2021-09-15T14:39:59.563Z\",\"updatedBy\":\"6a9ed7be-d0a1-40be-b296-af0abebc16ef\",\"isSystemField\":false,\"fieldDisplayType\":\"Basic\",\"isAttachment\":false,\"isRbacEnabled\":false},{\"id\":\"56d6fa1c-edb6-42a7-92f7-b8cc152c910c\",\"name\":\"UpdatedBy\",\"isPrimaryKey\":false,\"isForeignKey\":true,\"isUnique\":false,\"referenceName\":\"fk_UpdatedBy_386359aa-1d1b-4d98-ad24-2f0f9031e629\",\"referenceEntity\":{\"name\":\"SystemUser\",\"displayName\":\"System Users\",\"entityTypeId\":0,\"entityType\":\"Entity\",\"isRbacEnabled\":false,\"id\":\"790409bc-8cc8-eb11-94b3-000d3a22a7fd\"},\"referenceField\":{\"id\":\"d46a6844-2557-4510-aee3-56d7d3553d46\",\"definition\":{\"name\":\"Name\",\"isPrimaryKey\":false,\"isForeignKey\":false,\"isUnique\":false,\"referenceType\":\"ManyToOne\",\"sqlType\":{\"name\":\"NVARCHAR\",\"lengthLimit\":512},\"isRequired\":false,\"displayName\":\"Name\",\"createTime\":\"2021-09-15T14:42:36.5496807Z\",\"updateTime\":\"2021-09-15T14:42:36.5496807Z\",\"isSystemField\":false,\"fieldDisplayType\":\"Basic\",\"isAttachment\":false,\"isRbacEnabled\":false}},\"referenceType\":\"ManyToOne\",\"sqlType\":{\"name\":\"UNIQUEIDENTIFIER\"},\"isRequired\":false,\"displayName\":\"UpdatedBy\",\"description\":\"System built-in field\",\"createTime\":\"2021-09-15T07:50:15.213Z\",\"createdBy\":\"6a9ed7be-d0a1-40be-b296-af0abebc16ef\",\"updateTime\":\"2021-09-15T07:50:15.213Z\",\"isSystemField\":true,\"fieldDisplayType\":\"Relationship\",\"isAttachment\":false,\"isRbacEnabled\":false},{\"id\":\"3cda98e2-3b7a-4410-b64c-b809eccd4bfb\",\"name\":\"UpdateTime\",\"isPrimaryKey\":false,\"isForeignKey\":false,\"isUnique\":false,\"referenceType\":\"ManyToOne\",\"sqlType\":{\"name\":\"DATETIMEOFFSET\"},\"isRequired\":false,\"displayName\":\"UpdateTime\",\"description\":\"System built-in field\",\"createTime\":\"2021-09-15T07:50:15.213Z\",\"createdBy\":\"6a9ed7be-d0a1-40be-b296-af0abebc16ef\",\"updateTime\":\"2021-09-15T07:50:15.213Z\",\"isSystemField\":true,\"fieldDisplayType\":\"Basic\",\"isAttachment\":false,\"isRbacEnabled\":false}],\"recordCount\":0,\"storageSizeInMB\":0.0,\"usedStorageSizeInMB\":0.0,\"isRbacEnabled\":false,\"id\":\"c8e69a8f-f915-ec11-981f-000d3a22a7fd\",\"createdBy\":\"6a9ed7be-d0a1-40be-b296-af0abebc16ef\",\"createTime\":\"2021-09-15T07:50:15.2Z\",\"updateTime\":\"2021-09-15T14:40:39.59Z\",\"updatedBy\":\"6a9ed7be-d0a1-40be-b296-af0abebc16ef\"},{\"name\":\"SystemUser\",\"displayName\":\"System Users\",\"entityTypeId\":3,\"entityType\":\"SystemEntity\",\"description\":\"Contains Automation Cloud users and groups that have ever had roles assigned, or accessed Data Service\",\"fields\":[{\"id\":\"768a07e2-0698-465e-9f13-5099baff76a9\",\"name\":\"CreateTime\",\"isPrimaryKey\":false,\"isForeignKey\":false,\"isUnique\":false,\"referenceType\":\"ManyToOne\",\"sqlType\":{\"name\":\"DATETIMEOFFSET\"},\"isRequired\":true,\"displayName\":\"CreateTime\",\"description\":\"System built-in field\",\"createTime\":\"2021-06-08T19:07:22.31Z\",\"createdBy\":\"6a9ed7be-d0a1-40be-b296-af0abebc16ef\",\"updateTime\":\"2021-06-08T19:07:22.31Z\",\"isSystemField\":true,\"fieldDisplayType\":\"Basic\",\"isAttachment\":false,\"isRbacEnabled\":false},{\"id\":\"a465cb41-538c-4ee4-9b5f-dabb1db569fe\",\"name\":\"Email\",\"isPrimaryKey\":false,\"isForeignKey\":false,\"isUnique\":false,\"referenceType\":\"ManyToOne\",\"sqlType\":{\"name\":\"NVARCHAR\",\"lengthLimit\":512},\"isRequired\":false,\"displayName\":\"E-mail\",\"description\":\"E-mail\",\"createTime\":\"2021-06-08T19:07:22.31Z\",\"createdBy\":\"6a9ed7be-d0a1-40be-b296-af0abebc16ef\",\"updateTime\":\"2021-06-08T19:07:22.31Z\",\"isSystemField\":true,\"fieldDisplayType\":\"Basic\",\"isAttachment\":false,\"isRbacEnabled\":false},{\"id\":\"8b137694-73b3-4a3d-8132-f1eb807d786c\",\"name\":\"Id\",\"isPrimaryKey\":true,\"isForeignKey\":false,\"isUnique\":false,\"referenceType\":\"ManyToOne\",\"sqlType\":{\"name\":\"UNIQUEIDENTIFIER\"},\"isRequired\":true,\"displayName\":\"Id\",\"description\":\"System built-in field\",\"createTime\":\"2021-06-08T19:07:22.31Z\",\"createdBy\":\"6a9ed7be-d0a1-40be-b296-af0abebc16ef\",\"updateTime\":\"2021-06-08T19:07:22.31Z\",\"isSystemField\":true,\"fieldDisplayType\":\"Basic\",\"isAttachment\":false,\"isRbacEnabled\":false},{\"id\":\"902d5db5-57cf-4d32-a133-bac91d573843\",\"name\":\"IsActive\",\"isPrimaryKey\":false,\"isForeignKey\":false,\"isUnique\":false,\"referenceType\":\"ManyToOne\",\"sqlType\":{\"name\":\"BIT\"},\"isRequired\":true,\"displayName\":\"IsActive\",\"description\":\"IsActive\",\"createTime\":\"2021-06-08T19:07:22.31Z\",\"createdBy\":\"6a9ed7be-d0a1-40be-b296-af0abebc16ef\",\"updateTime\":\"2021-06-08T19:07:22.31Z\",\"isSystemField\":true,\"fieldDisplayType\":\"Basic\",\"isAttachment\":false,\"isRbacEnabled\":false},{\"id\":\"d46a6844-2557-4510-aee3-56d7d3553d46\",\"name\":\"Name\",\"isPrimaryKey\":false,\"isForeignKey\":false,\"isUnique\":false,\"referenceType\":\"ManyToOne\",\"sqlType\":{\"name\":\"NVARCHAR\",\"lengthLimit\":512},\"isRequired\":true,\"displayName\":\"Name\",\"description\":\"Name\",\"createTime\":\"2021-06-08T19:07:22.31Z\",\"createdBy\":\"6a9ed7be-d0a1-40be-b296-af0abebc16ef\",\"updateTime\":\"2021-06-08T19:07:22.31Z\",\"isSystemField\":true,\"fieldDisplayType\":\"Basic\",\"isAttachment\":false,\"isRbacEnabled\":false},{\"id\":\"579873a8-abda-4792-8380-5282b4859273\",\"name\":\"Type\",\"isPrimaryKey\":false,\"isForeignKey\":false,\"isUnique\":false,\"referenceChoiceSet\":{\"name\":\"UserType\",\"entityTypeId\":0,\"entityType\":\"Entity\",\"isRbacEnabled\":false},\"referenceType\":\"ManyToOne\",\"sqlType\":{\"name\":\"INT\",\"maxValue\":9007199254740991.0,\"minValue\":-9007199254740991.0},\"isRequired\":true,\"displayName\":\"Type\",\"description\":\"Type\",\"createTime\":\"2021-06-08T19:07:22.31Z\",\"createdBy\":\"6a9ed7be-d0a1-40be-b296-af0abebc16ef\",\"updateTime\":\"2021-06-08T19:07:22.31Z\",\"isSystemField\":true,\"fieldDisplayType\":\"ChoiceSetSingle\",\"choiceSetId\":\"720409bc-8cc8-eb11-94b3-000d3a22a7fd\",\"isAttachment\":false,\"isRbacEnabled\":false},{\"id\":\"dff459b1-16d7-4fdd-aa66-910db955d491\",\"name\":\"UpdateTime\",\"isPrimaryKey\":false,\"isForeignKey\":false,\"isUnique\":false,\"referenceType\":\"ManyToOne\",\"sqlType\":{\"name\":\"DATETIMEOFFSET\"},\"isRequired\":false,\"displayName\":\"UpdateTime\",\"description\":\"System built-in field\",\"createTime\":\"2021-06-08T19:07:22.31Z\",\"createdBy\":\"6a9ed7be-d0a1-40be-b296-af0abebc16ef\",\"updateTime\":\"2021-06-08T19:07:22.31Z\",\"isSystemField\":true,\"fieldDisplayType\":\"Basic\",\"isAttachment\":false,\"isRbacEnabled\":false}],\"recordCount\":7,\"storageSizeInMB\":0.070312,\"usedStorageSizeInMB\":0.015625,\"isRbacEnabled\":false,\"id\":\"790409bc-8cc8-eb11-94b3-000d3a22a7fd\",\"createdBy\":\"6a9ed7be-d0a1-40be-b296-af0abebc16ef\",\"createTime\":\"2021-06-08T19:07:22.293Z\",\"updateTime\":\"2021-06-08T19:07:22.293Z\",\"updatedBy\":\"6a9ed7be-d0a1-40be-b296-af0abebc16ef\"}],\"choicesets\":[{\"id\":\"720409bc-8cc8-eb11-94b3-000d3a22a7fd\",\"name\":\"UserType\",\"displayName\":\"User Type\",\"description\":\"Denotes the type of user record in the System User entity\",\"createdBy\":\"6a9ed7be-d0a1-40be-b296-af0abebc16ef\",\"createTime\":\"2021-06-08T19:07:22.243Z\",\"updateTime\":\"2021-06-08T19:07:22.243Z\",\"updatedBy\":\"6a9ed7be-d0a1-40be-b296-af0abebc16ef\",\"data\":[{\"DisplayName\":\"Group\",\"Name\":\"Group\",\"NumberId\":1},{\"DisplayName\":\"User\",\"Name\":\"User\",\"NumberId\":0},{\"DisplayName\":\"Robot\",\"Name\":\"Robot\",\"NumberId\":2}]}]}",
  "SelectedEntitiesNames": [
    "PersonDetails",
    "SystemUser"
  ]
}